{"cameraMode":{"drawMode":0,"name":"Shaded","section":"Shading Mode"},"sceneLighting":true,"audioPlay":false,"sceneViewState":{"m_AlwaysRefresh":false,"showFog":true,"showSkybox":true,"showFlares":true,"showImageEffects":true,"showParticleSystems":true,"showVisualEffectGraphs":true,"m_FxEnabled":true},"in2DMode":false,"pivot":{"x":-1.4732811450958253,"y":4.27231502532959,"z":4.5197248458862309},"rotation":{"x":0.0026982957497239115,"y":0.9863989353179932,"z":-0.16356351971626283,"w":0.016286198049783708},"size":3.9449269771575929,"orthographic":false}